,inicio,final,nota,p1,p2,p3,p4,p5,p6,p7,p8,p9,p10,grupo,profesor,jornada,diferencia,delta
281,09:24:00,10:37:00,2.0,0.0,0.0,0.0,0.0,0.0,0.5,0.0,0.5,0.5,0.5,11,Alfonso Peña Suarez,Día,1:13:00,0.05069444444444444
376,09:11:00,09:53:00,2.0,0.0,0.0,0.5,0.5,0.0,0,0.0,0.5,0.0,0.5,11,Alfonso Peña Suarez,Día,0:42:00,0.02916666666666667
73,09:12:00,09:47:00,4.0,0.5,0.0,0.5,0.5,0.5,0,0.5,0.5,0.5,0.5,11,Alfonso Peña Suarez,Día,0:35:00,0.02430555555555556
377,09:26:00,10:36:00,2.5,0.0,0.0,0.0,0.0,0.5,0,0.5,0.5,0.5,0.5,11,Alfonso Peña Suarez,Día,1:10:00,0.04861111111111111
394,09:26:00,10:34:00,4.5,0.5,0.5,0.5,0.5,0.5,0.5,0.0,0.5,0.5,0.5,11,Alfonso Peña Suarez,Día,1:08:00,0.04722222222222222
379,09:11:00,10:17:00,2.5,0.0,0.0,0.5,0.0,0.0,0.5,0.0,0.5,0.5,0.5,11,Alfonso Peña Suarez,Día,1:06:00,0.04583333333333333
250,09:10:00,09:47:00,4.5,0.0,0.5,0.5,0.5,0.5,0.5,0.5,0.5,0.5,0.5,11,Alfonso Peña Suarez,Día,0:37:00,0.02569444444444444
456,09:09:00,10:14:00,1.0,0.5,0.0,0.0,0.0,0.0,0,0.0,0.0,0.0,0.5,11,Alfonso Peña Suarez,Día,1:05:00,0.04513888888888889
452,09:11:00,10:22:00,4.0,0.5,0.5,0.5,0.5,0.0,0.5,0.0,0.5,0.5,0.5,11,Alfonso Peña Suarez,Día,1:11:00,0.04930555555555555
444,09:32:00,10:27:00,2.5,0.0,0.0,0.5,0.0,0.0,0.5,0.5,0.5,0.0,0.5,11,Alfonso Peña Suarez,Día,0:55:00,0.03819444444444445
117,09:06:00,09:39:00,5.0,0.5,0.5,0.5,0.5,0.5,0.5,0.5,0.5,0.5,0.5,11,Alfonso Peña Suarez,Día,0:33:00,0.02291666666666667
382,09:11:00,10:44:00,2.5,0.0,0.0,0.0,0.5,0.0,0.5,0.0,0.5,0.5,0.5,11,Alfonso Peña Suarez,Día,1:33:00,0.06458333333333334
385,09:10:00,10:07:00,2.0,0.5,0.0,0.5,0.0,0.0,0,0.0,0.5,0.0,0.5,11,Alfonso Peña Suarez,Día,0:57:00,0.03958333333333333
133,09:08:00,10:00:00,2.0,0.5,0.0,0.0,0.0,0.5,0,0.5,0.5,0.0,0.0,11,Alfonso Peña Suarez,Día,0:52:00,0.03611111111111111
404,09:14:00,10:22:00,2.5,0.5,0.0,0.0,0.0,0.5,0,0.5,0.5,0.5,0.0,11,Alfonso Peña Suarez,Día,1:08:00,0.04722222222222222
336,09:45:00,10:07:00,2.0,0.0,0.5,0.0,0.5,0.0,0,0.0,0.5,0.0,0.5,11,Alfonso Peña Suarez,Día,0:22:00,0.01527777777777778
62,09:14:00,09:47:00,2.0,0.0,0.0,0.0,0.0,0.5,0.5,0.0,0.5,0.0,0.5,11,Alfonso Peña Suarez,Día,0:33:00,0.02291666666666667
362,09:13:00,09:53:00,4.0,0.5,0.0,0.5,0.5,0.5,0.5,0.0,0.5,0.5,0.5,11,Alfonso Peña Suarez,Día,0:40:00,0.02777777777777778
82,09:13:00,09:59:00,1.0,0.5,0.0,0.0,0.0,0.0,0,0.5,0.0,0.0,0.0,11,Alfonso Peña Suarez,Día,0:46:00,0.03194444444444444
17,09:16:00,10:31:00,1.5,0.5,0.0,0.0,0.0,0.0,0,0.0,0.5,0.5,0.0,11,Alfonso Peña Suarez,Día,1:15:00,0.05208333333333334
507,09:14:00,10:39:00,3.5,0.5,0.0,0.5,0.0,0.0,0.5,0.5,0.5,0.5,0.5,11,Alfonso Peña Suarez,Día,1:25:00,0.05902777777777778
498,09:05:00,10:17:00,3.0,0.0,0.0,0.5,0.5,0.0,0.5,0.0,0.5,0.5,0.5,11,Alfonso Peña Suarez,Día,1:12:00,0.05
504,09:17:00,09:54:00,0.5,0.0,0.0,0.0,0.0,0.0,0,0.0,0.0,0.5,0.0,11,Alfonso Peña Suarez,Día,0:37:00,0.02569444444444444
81,09:10:00,10:07:00,1.0,0.0,0.0,0.0,0.5,0.0,0,0.0,0.0,0.5,0.0,14,Dora Janeth Alfonso Combita,Día,0:57:00,0.03958333333333333
378,09:24:00,10:31:00,3.5,0.5,0.5,0.5,0.5,0.5,0.5,0.5,0.0,0.0,0.0,7,Dora Janeth Alfonso Combita,Día,1:07:00,0.04652777777777778
6,09:15:00,10:37:00,0.0,0.0,0.0,0.0,0.0,0.0,0,0.0,0.0,0.0,0.0,7,Dora Janeth Alfonso Combita,Día,1:22:00,0.05694444444444444
337,09:14:00,10:16:00,1.5,0.0,0.0,0.5,0.0,0.0,0,0.0,0.5,0.5,0.0,7,Dora Janeth Alfonso Combita,Día,1:02:00,0.04305555555555556
235,09:10:00,10:04:00,1.5,0.5,0.0,0.0,0.0,0.0,0.5,0.0,0.5,0.0,0.0,10,Dora Janeth Alfonso Combita,Día,0:54:00,0.0375
413,09:17:00,10:27:00,1.5,0.5,0.0,0.0,0.5,0.5,0,0.0,0.0,0.0,0.0,10,Dora Janeth Alfonso Combita,Día,1:10:00,0.04861111111111111
418,09:11:00,10:21:00,0.5,0.0,0.0,0.5,0.0,0.0,0,0.0,0.0,0.0,0.0,7,Dora Janeth Alfonso Combita,Día,1:10:00,0.04861111111111111
318,09:08:00,10:19:00,1.5,0.0,0.0,0.0,0.5,0.5,0,0.0,0.0,0.5,0.0,10,Dora Janeth Alfonso Combita,Día,1:11:00,0.04930555555555555
97,09:17:00,10:21:00,1.0,0.0,0.0,0.5,0.5,0.0,0,0.0,0.0,0.0,0.0,14,Dora Janeth Alfonso Combita,Día,1:04:00,0.04444444444444445
271,09:24:00,10:03:00,1.0,0.5,0.0,0.0,0.0,0.0,0,0.5,0.0,0.0,0.0,10,Dora Janeth Alfonso Combita,Día,0:39:00,0.02708333333333333
27,09:12:00,10:07:00,1.5,0.0,0.0,0.0,0.0,0.0,0,0.0,0.5,0.5,0.5,14,Dora Janeth Alfonso Combita,Día,0:55:00,0.03819444444444445
16,09:07:00,10:20:00,5.0,0.5,0.5,0.5,0.5,0.5,0.5,0.5,0.5,0.5,0.5,7,Dora Janeth Alfonso Combita,Día,1:13:00,0.05069444444444444
11,09:04:00,09:57:00,3.0,0.0,0.0,0.0,0.5,0.5,0.5,0.0,0.5,0.5,0.5,10,Dora Janeth Alfonso Combita,Día,0:53:00,0.03680555555555556
327,09:06:00,10:10:00,1.5,0.0,0.0,0.0,0.5,0.5,0,0.0,0.0,0.0,0.5,10,Dora Janeth Alfonso Combita,Día,1:04:00,0.04444444444444445
246,09:13:00,10:08:00,1.0,0.0,0.0,0.5,0.5,0.0,0,0.0,0.0,0.0,0.0,14,Dora Janeth Alfonso Combita,Día,0:55:00,0.03819444444444445
7,09:14:00,10:14:00,3.5,0.5,0.5,0.5,0.5,0.5,0,0.0,0.0,0.5,0.5,7,Dora Janeth Alfonso Combita,Día,1:00:00,0.04166666666666666
112,09:13:00,10:01:00,0.5,0.0,0.0,0.0,0.0,0.5,0,0.0,0.0,0.0,0.0,10,Dora Janeth Alfonso Combita,Día,0:48:00,0.03333333333333333
339,09:16:00,09:52:00,4.5,0.0,0.5,0.5,0.5,0.5,0.5,0.5,0.5,0.5,0.5,10,Dora Janeth Alfonso Combita,Día,0:36:00,0.025
344,09:04:00,09:54:00,1.0,0.0,0.0,0.0,0.5,0.0,0,0.0,0.0,0.5,0.0,10,Dora Janeth Alfonso Combita,Día,0:50:00,0.03472222222222222
284,09:13:00,10:02:00,2.5,0.0,0.5,0.0,0.5,0.0,0.5,0.0,0.5,0.0,0.5,10,Dora Janeth Alfonso Combita,Día,0:49:00,0.03402777777777777
381,09:31:00,10:12:00,2.5,0.0,0.0,0.5,0.5,0.5,0,0.0,0.5,0.0,0.5,14,Dora Janeth Alfonso Combita,Día,0:41:00,0.02847222222222222
165,09:14:00,10:53:00,2.0,0.5,0.0,0.5,0.0,0.0,0,0.5,0.0,0.0,0.5,14,Dora Janeth Alfonso Combita,Día,1:39:00,0.06875
74,09:10:00,09:59:00,1.0,0.0,0.0,0.0,0.0,0.5,0.5,0.0,0.0,0.0,0.0,10,Dora Janeth Alfonso Combita,Día,0:49:00,0.03402777777777777
512,09:12:00,10:15:00,1.0,0.5,0.0,0.0,0.5,0.0,0,0.0,0.0,0.0,0.0,14,Dora Janeth Alfonso Combita,Día,1:03:00,0.04375
149,09:06:00,10:14:00,2.5,0.5,0.0,0.0,0.0,0.5,0,0.0,0.5,0.5,0.5,14,Dora Janeth Alfonso Combita,Día,1:08:00,0.04722222222222222
224,09:11:00,10:25:00,0.5,0.0,0.0,0.0,0.0,0.0,0,0.0,0.5,0.0,0.0,14,Dora Janeth Alfonso Combita,Día,1:14:00,0.05138888888888889
294,09:06:00,10:18:00,3.5,0.5,0.0,0.5,0.0,0.5,0,0.5,0.5,0.5,0.5,7,Dora Janeth Alfonso Combita,Día,1:12:00,0.05
402,09:15:00,10:00:00,0.5,0.0,0.0,0.0,0.0,0.0,0.5,0.0,0.0,0.0,0.0,14,Dora Janeth Alfonso Combita,Día,0:45:00,0.03125
197,09:12:00,10:23:00,3.5,0.5,0.0,0.0,0.0,0.5,0.5,0.5,0.5,0.5,0.5,7,Dora Janeth Alfonso Combita,Día,1:11:00,0.04930555555555555
223,09:07:00,10:19:00,0.5,0.5,0.0,0.0,0.0,0.0,0,0.0,0.0,0.0,0.0,7,Dora Janeth Alfonso Combita,Día,1:12:00,0.05
368,09:14:00,10:21:00,3.5,0.0,0.0,0.5,0.5,0.0,0.5,0.5,0.5,0.5,0.5,7,Dora Janeth Alfonso Combita,Día,1:07:00,0.04652777777777778
463,09:11:00,09:49:00,1.5,0.5,0.5,0.5,0.0,0.0,0,0.0,0.0,0.0,0.0,10,Dora Janeth Alfonso Combita,Día,0:38:00,0.02638888888888889
50,09:03:00,10:21:00,1.5,0.0,0.0,0.5,0.0,0.0,0,0.0,0.0,0.5,0.5,7,Dora Janeth Alfonso Combita,Día,1:18:00,0.05416666666666667
331,09:17:00,09:59:00,1.5,0.0,0.0,0.0,0.5,0.0,0,0.0,0.0,0.5,0.5,14,Dora Janeth Alfonso Combita,Día,0:42:00,0.02916666666666667
3,09:09:00,09:48:00,5.0,0.5,0.5,0.5,0.5,0.5,0.5,0.5,0.5,0.5,0.5,7,Dora Janeth Alfonso Combita,Día,0:39:00,0.02708333333333333
54,09:10:00,10:42:00,3.0,0.0,0.0,0.5,0.0,0.5,0,0.5,0.5,0.5,0.5,14,Dora Janeth Alfonso Combita,Día,1:32:00,0.06388888888888888
375,09:14:00,10:15:00,0.5,0.0,0.0,0.0,0.0,0.0,0,0.0,0.0,0.0,0.5,14,Dora Janeth Alfonso Combita,Día,1:01:00,0.04236111111111111
273,09:06:00,10:15:00,2.0,0.0,0.0,0.0,0.5,0.0,0.5,0.0,0.0,0.5,0.5,7,Dora Janeth Alfonso Combita,Día,1:09:00,0.04791666666666667
392,09:07:00,10:14:00,2.5,0.5,0.0,0.0,0.5,0.5,0.5,0.0,0.0,0.5,0.0,10,Dora Janeth Alfonso Combita,Día,1:07:00,0.04652777777777778
136,09:10:00,10:18:00,2.0,0.0,0.5,0.0,0.5,0.0,0.5,0.0,0.5,0.0,0.0,14,Dora Janeth Alfonso Combita,Día,1:08:00,0.04722222222222222
289,09:26:00,10:38:00,2.0,0.5,0.0,0.0,0.0,0.5,0,0.5,0.0,0.0,0.5,14,Dora Janeth Alfonso Combita,Día,1:12:00,0.05
262,09:14:00,10:03:00,5.0,0.5,0.5,0.5,0.5,0.5,0.5,0.5,0.5,0.5,0.5,14,Dora Janeth Alfonso Combita,Día,0:49:00,0.03402777777777777
23,09:26:00,10:31:00,1.5,0.0,0.5,0.0,0.0,0.0,0,0.5,0.0,0.0,0.5,14,Dora Janeth Alfonso Combita,Día,1:05:00,0.04513888888888889
342,09:08:00,09:53:00,1.0,0.0,0.0,0.5,0.0,0.0,0,0.0,0.5,0.0,0.0,14,Dora Janeth Alfonso Combita,Día,0:45:00,0.03125
357,09:06:00,10:16:00,2.0,0.0,0.0,0.0,0.0,0.5,0,0.0,0.5,0.5,0.5,10,Dora Janeth Alfonso Combita,Día,1:10:00,0.04861111111111111
145,09:28:00,10:03:00,4.5,0.5,0.5,0.0,0.5,0.5,0.5,0.5,0.5,0.5,0.5,15,German David Sosa Ramirez,Día,0:35:00,0.02430555555555556
228,09:11:00,10:32:00,3.0,0.0,0.5,0.0,0.5,0.0,0.5,0.5,0.5,0.5,0.0,15,German David Sosa Ramirez,Día,1:21:00,0.05625
181,09:15:00,09:55:00,1.0,0.5,0.5,0.0,0.0,0.0,0,0.0,0.0,0.0,0.0,15,German David Sosa Ramirez,Día,0:40:00,0.02777777777777778
63,09:17:00,10:13:00,1.0,0.0,0.5,0.0,0.0,0.0,0,0.0,0.0,0.5,0.0,15,German David Sosa Ramirez,Día,0:56:00,0.03888888888888889
31,09:14:00,10:33:00,1.5,0.0,0.0,0.5,0.0,0.0,0,0.5,0.5,0.0,0.0,15,German David Sosa Ramirez,Día,1:19:00,0.05486111111111111
34,09:29:00,10:35:00,1.5,0.5,0.0,0.5,0.0,0.0,0,0.0,0.0,0.0,0.5,15,German David Sosa Ramirez,Día,1:06:00,0.04583333333333333
36,09:08:00,10:02:00,2.0,0.5,0.0,0.5,0.5,0.0,0,0.0,0.0,0.0,0.5,15,German David Sosa Ramirez,Día,0:54:00,0.0375
265,09:10:00,09:56:00,2.0,0.5,0.0,0.0,0.5,0.0,0,0.0,0.0,0.5,0.5,15,German David Sosa Ramirez,Día,0:46:00,0.03194444444444444
321,09:08:00,09:50:00,2.0,0.0,0.0,0.0,0.5,0.5,0,0.0,0.5,0.5,0.0,15,German David Sosa Ramirez,Día,0:42:00,0.02916666666666667
473,09:13:00,10:34:00,2.0,0.0,0.0,0.0,0.5,0.0,0,0.0,0.5,0.5,0.5,15,German David Sosa Ramirez,Día,1:21:00,0.05625
306,09:11:00,09:53:00,3.0,0.5,0.0,0.5,0.5,0.5,0,0.5,0.0,0.5,0.0,15,German David Sosa Ramirez,Día,0:42:00,0.02916666666666667
277,09:09:00,10:09:00,1.0,0.0,0.0,0.0,0.0,0.5,0,0.0,0.0,0.0,0.5,15,German David Sosa Ramirez,Día,1:00:00,0.04166666666666666
155,09:13:00,10:00:00,1.5,0.0,0.0,0.5,0.5,0.5,0,0.0,0.0,0.0,0.0,15,German David Sosa Ramirez,Día,0:47:00,0.03263888888888889
457,09:11:00,10:00:00,2.0,0.0,0.0,0.0,0.5,0.5,0,0.0,0.5,0.5,0.0,15,German David Sosa Ramirez,Día,0:49:00,0.03402777777777777
316,09:13:00,10:42:00,1.5,0.0,0.0,0.5,0.0,0.5,0,0.0,0.5,0.0,0.0,15,German David Sosa Ramirez,Día,1:29:00,0.06180555555555556
430,09:16:00,10:22:00,3.5,0.5,0.5,0.5,0.5,0.5,0,0.0,0.5,0.0,0.5,15,German David Sosa Ramirez,Día,1:06:00,0.04583333333333333
256,09:10:00,09:57:00,1.0,0.0,0.5,0.0,0.0,0.5,0,0.0,0.0,0.0,0.0,15,German David Sosa Ramirez,Día,0:47:00,0.03263888888888889
386,09:04:00,10:04:00,1.5,0.0,0.5,0.0,0.0,0.5,0,0.0,0.0,0.0,0.5,3,John Jairo Londoño Perez,Día,1:00:00,0.04166666666666666
222,09:30:00,10:03:00,0.5,0.0,0.0,0.0,0.0,0.0,0,0.0,0.0,0.5,0.0,5,John Jairo Londoño Perez,Día,0:33:00,0.02291666666666667
373,09:07:00,10:01:00,1.0,0.0,0.0,0.0,0.0,0.5,0,0.5,0.0,0.0,0.0,3,John Jairo Londoño Perez,Día,0:54:00,0.0375
168,09:25:00,10:07:00,2.0,0.0,0.0,0.0,0.5,0.0,0.5,0.0,0.5,0.5,0.0,5,John Jairo Londoño Perez,Día,0:42:00,0.02916666666666667
193,09:25:00,10:01:00,2.0,0.5,0.0,0.0,0.0,0.5,0,0.0,0.5,0.0,0.5,3,John Jairo Londoño Perez,Día,0:36:00,0.025
358,09:13:00,10:03:00,1.5,0.0,0.5,0.0,0.0,0.0,0,0.5,0.0,0.5,0.0,3,John Jairo Londoño Perez,Día,0:50:00,0.03472222222222222
359,09:14:00,10:32:00,1.5,0.5,0.5,0.0,0.0,0.0,0,0.0,0.0,0.5,0.0,5,John Jairo Londoño Perez,Día,1:18:00,0.05416666666666667
182,09:09:00,10:14:00,3.0,0.5,0.0,0.0,0.0,0.5,0.5,0.5,0.5,0.5,0.0,5,John Jairo Londoño Perez,Día,1:05:00,0.04513888888888889
218,09:19:00,10:18:00,0.5,0.5,0.0,0.0,0.0,0.0,0,0.0,0.0,0.0,0.0,5,John Jairo Londoño Perez,Día,0:59:00,0.04097222222222222
199,09:15:00,10:27:00,3.0,0.0,0.0,0.5,0.5,0.0,0.5,0.0,0.5,0.5,0.5,3,John Jairo Londoño Perez,Día,1:12:00,0.05
172,09:05:00,10:23:00,3.5,0.5,0.5,0.0,0.5,0.5,0.5,0.0,0.0,0.5,0.5,5,John Jairo Londoño Perez,Día,1:18:00,0.05416666666666667
116,09:22:00,10:48:00,4.5,0.5,0.5,0.0,0.5,0.5,0.5,0.5,0.5,0.5,0.5,3,John Jairo Londoño Perez,Día,1:26:00,0.05972222222222223
350,09:08:00,10:02:00,1.0,0.0,0.0,0.0,0.0,0.0,0.5,0.0,0.0,0.5,0.0,5,John Jairo Londoño Perez,Día,0:54:00,0.0375
298,09:19:00,10:02:00,0.0,0.0,0.0,0.0,0.0,0.0,0,0.0,0.0,0.0,0.0,3,John Jairo Londoño Perez,Día,0:43:00,0.02986111111111111
477,09:11:00,10:01:00,2.0,0.5,0.5,0.0,0.5,0.0,0,0.0,0.5,0.0,0.0,3,John Jairo Londoño Perez,Día,0:50:00,0.03472222222222222
52,09:08:00,10:06:00,1.0,0.5,0.0,0.0,0.0,0.0,0.5,0.0,0.0,0.0,0.0,3,John Jairo Londoño Perez,Día,0:58:00,0.04027777777777778
53,09:09:00,10:15:00,2.5,0.0,0.5,0.5,0.0,0.0,0,0.0,0.5,0.5,0.5,3,John Jairo Londoño Perez,Día,1:06:00,0.04583333333333333
475,09:23:00,10:12:00,2.5,0.5,0.0,0.5,0.0,0.0,0.5,0.0,0.5,0.0,0.5,5,John Jairo Londoño Perez,Día,0:49:00,0.03402777777777777
472,09:08:00,09:53:00,1.5,0.0,0.0,0.5,0.0,0.0,0,0.5,0.0,0.5,0.0,5,John Jairo Londoño Perez,Día,0:45:00,0.03125
39,09:04:00,10:15:00,2.5,0.0,0.0,0.0,0.5,0.0,0,0.5,0.5,0.5,0.5,3,John Jairo Londoño Perez,Día,1:11:00,0.04930555555555555
312,09:44:00,10:10:00,2.5,0.5,0.5,0.5,0.5,0.0,0.5,0.0,0.0,0.0,0.0,3,John Jairo Londoño Perez,Día,0:26:00,0.01805555555555555
460,09:10:00,09:50:00,2.0,0.5,0.0,0.5,0.5,0.0,0,0.0,0.0,0.0,0.5,5,John Jairo Londoño Perez,Día,0:40:00,0.02777777777777778
156,09:03:00,10:14:00,0.5,0.0,0.0,0.0,0.0,0.0,0,0.0,0.0,0.5,0.0,3,John Jairo Londoño Perez,Día,1:11:00,0.04930555555555555
99,09:07:00,10:04:00,0.5,0.5,0.0,0.0,0.0,0.0,0,0.0,0.0,0.0,0.0,5,John Jairo Londoño Perez,Día,0:57:00,0.03958333333333333
248,09:15:00,10:04:00,3.0,0.0,0.5,0.0,0.5,0.0,0.5,0.0,0.5,0.5,0.5,5,John Jairo Londoño Perez,Día,0:49:00,0.03402777777777777
267,09:05:00,10:10:00,3.0,0.5,0.5,0.0,0.5,0.0,0.5,0.5,0.5,0.0,0.0,5,John Jairo Londoño Perez,Día,1:05:00,0.04513888888888889
487,09:10:00,10:21:00,1.5,0.5,0.0,0.0,0.0,0.0,0,0.0,0.5,0.0,0.5,3,John Jairo Londoño Perez,Día,1:11:00,0.04930555555555555
427,09:14:00,10:16:00,1.0,0.0,0.0,0.0,0.0,0.0,0,0.5,0.0,0.5,0.0,5,John Jairo Londoño Perez,Día,1:02:00,0.04305555555555556
121,09:09:00,09:46:00,1.0,0.0,0.0,0.0,0.0,0.0,0,0.0,0.0,0.5,0.5,3,John Jairo Londoño Perez,Día,0:37:00,0.02569444444444444
325,09:10:00,09:55:00,1.5,0.0,0.0,0.5,0.0,0.5,0,0.0,0.0,0.5,0.0,5,John Jairo Londoño Perez,Día,0:45:00,0.03125
237,09:25:00,10:56:00,2.0,0.0,0.0,0.5,0.5,0.0,0.5,0.0,0.0,0.5,0.0,3,John Jairo Londoño Perez,Día,1:31:00,0.06319444444444444
416,09:07:00,09:29:00,0.0,0.0,0.0,0.0,0.0,0.0,0,0.0,0.0,0.0,0.0,5,John Jairo Londoño Perez,Día,0:22:00,0.01527777777777778
408,09:18:00,10:18:00,3.5,0.5,0.0,0.5,0.0,0.5,0.5,0.5,0.5,0.5,0.0,5,John Jairo Londoño Perez,Día,1:00:00,0.04166666666666666
231,09:10:00,09:50:00,2.5,0.5,0.5,0.5,0.0,0.0,0.5,0.0,0.5,0.0,0.0,5,John Jairo Londoño Perez,Día,0:40:00,0.02777777777777778
146,09:16:00,10:24:00,0.0,0.0,0.0,0.0,0.0,0.0,0,0.0,0.0,0.0,0.0,5,John Jairo Londoño Perez,Día,1:08:00,0.04722222222222222
400,09:14:00,10:27:00,2.0,0.0,0.0,0.0,0.0,0.5,0,0.5,0.5,0.5,0.0,3,John Jairo Londoño Perez,Día,1:13:00,0.05069444444444444
332,09:25:00,09:55:00,0.5,0.0,0.0,0.0,0.5,0.0,0,0.0,0.0,0.0,0.0,3,John Jairo Londoño Perez,Día,0:30:00,0.02083333333333333
484,09:04:00,09:54:00,1.5,0.0,0.0,0.0,0.5,0.5,0,0.0,0.5,0.0,0.0,3,John Jairo Londoño Perez,Día,0:50:00,0.03472222222222222
279,09:23:00,10:24:00,1.5,0.5,0.0,0.5,0.0,0.0,0,0.0,0.5,0.0,0.0,4,Jorge Enrique Barrero Tovar,Día,1:01:00,0.04236111111111111
213,09:11:00,09:48:00,2.5,0.5,0.0,0.5,0.0,0.5,0,0.5,0.0,0.5,0.0,33,Jorge Enrique Barrero Tovar,Día,0:37:00,0.02569444444444444
291,09:28:00,10:05:00,2.5,0.5,0.0,0.0,0.5,0.5,0,0.5,0.0,0.0,0.5,33,Jorge Enrique Barrero Tovar,Día,0:37:00,0.02569444444444444
227,09:27:00,10:07:00,1.0,0.0,0.0,0.0,0.5,0.0,0,0.0,0.0,0.5,0.0,4,Jorge Enrique Barrero Tovar,Día,0:40:00,0.02777777777777778
323,09:17:00,10:04:00,1.0,0.0,0.5,0.0,0.5,0.0,0,0.0,0.0,0.0,0.0,33,Jorge Enrique Barrero Tovar,Día,0:47:00,0.03263888888888889
240,09:11:00,09:52:00,0.5,0.0,0.0,0.0,0.0,0.0,0,0.0,0.0,0.0,0.5,33,Jorge Enrique Barrero Tovar,Día,0:41:00,0.02847222222222222
233,09:13:00,10:06:00,1.0,0.0,0.0,0.0,0.5,0.0,0.5,0.0,0.0,0.0,0.0,33,Jorge Enrique Barrero Tovar,Día,0:53:00,0.03680555555555556
232,09:10:00,09:28:00,0.0,0.0,0.0,0.0,0.0,0.0,0,0.0,0.0,0.0,0.0,33,Jorge Enrique Barrero Tovar,Día,0:18:00,0.0125
513,09:22:00,10:00:00,3.0,0.5,0.5,0.0,0.0,0.5,0,0.0,0.5,0.5,0.5,33,Jorge Enrique Barrero Tovar,Día,0:38:00,0.02638888888888889
252,09:05:00,09:46:00,2.5,0.0,0.5,0.0,0.0,0.5,0.5,0.5,0.5,0.0,0.0,4,Jorge Enrique Barrero Tovar,Día,0:41:00,0.02847222222222222
1,09:05:00,10:13:00,1.0,0.0,0.0,0.0,0.5,0.0,0,0.0,0.0,0.0,0.5,4,Jorge Enrique Barrero Tovar,Día,1:08:00,0.04722222222222222
396,09:07:00,09:45:00,1.5,0.0,0.0,0.5,0.0,0.5,0,0.0,0.0,0.5,0.0,4,Jorge Enrique Barrero Tovar,Día,0:38:00,0.02638888888888889
98,09:14:00,09:55:00,0.5,0.0,0.0,0.0,0.0,0.0,0,0.0,0.0,0.0,0.5,33,Jorge Enrique Barrero Tovar,Día,0:41:00,0.02847222222222222
441,09:26:00,10:21:00,0.5,0.0,0.0,0.0,0.0,0.0,0,0.0,0.0,0.5,0.0,4,Jorge Enrique Barrero Tovar,Día,0:55:00,0.03819444444444445
461,09:14:00,09:53:00,0.0,0.0,0.0,0.0,0.0,0.0,0,0.0,0.0,0.0,0.0,33,Jorge Enrique Barrero Tovar,Día,0:39:00,0.02708333333333333
439,09:20:00,10:21:00,0.5,0.0,0.0,0.0,0.5,0.0,0,0.0,0.0,0.0,0.0,4,Jorge Enrique Barrero Tovar,Día,1:01:00,0.04236111111111111
462,09:18:00,09:55:00,2.5,0.5,0.5,0.5,0.0,0.5,0,0.0,0.0,0.5,0.0,33,Jorge Enrique Barrero Tovar,Día,0:37:00,0.02569444444444444
118,09:08:00,10:17:00,1.0,0.0,0.0,0.0,0.0,0.5,0,0.0,0.0,0.0,0.5,4,Jorge Enrique Barrero Tovar,Día,1:09:00,0.04791666666666667
428,09:05:00,09:59:00,1.0,0.0,0.0,0.5,0.0,0.0,0,0.5,0.0,0.0,0.0,4,Jorge Enrique Barrero Tovar,Día,0:54:00,0.0375
69,09:12:00,09:50:00,3.0,0.0,0.0,0.5,0.5,0.0,0.5,0.5,0.0,0.5,0.5,33,Jorge Enrique Barrero Tovar,Día,0:38:00,0.02638888888888889
410,09:21:00,10:01:00,0.5,0.0,0.5,0.0,0.0,0.0,0,0.0,0.0,0.0,0.0,33,Jorge Enrique Barrero Tovar,Día,0:40:00,0.02777777777777778
132,09:15:00,10:09:00,1.0,0.0,0.0,0.0,0.0,0.5,0,0.0,0.0,0.5,0.0,33,Jorge Enrique Barrero Tovar,Día,0:54:00,0.0375
137,09:13:00,09:55:00,2.5,0.0,0.5,0.0,0.0,0.0,0.5,0.5,0.0,0.5,0.5,4,Jorge Enrique Barrero Tovar,Día,0:42:00,0.02916666666666667
93,09:12:00,10:07:00,0.0,0.0,0.0,0.0,0.0,0.0,0,0.0,0.0,0.0,0.0,4,Jorge Enrique Barrero Tovar,Día,0:55:00,0.03819444444444445
143,09:10:00,09:51:00,0.5,0.0,0.0,0.0,0.0,0.5,0,0.0,0.0,0.0,0.0,33,Jorge Enrique Barrero Tovar,Día,0:41:00,0.02847222222222222
407,09:15:00,09:58:00,1.0,0.0,0.5,0.0,0.0,0.0,0,0.0,0.5,0.0,0.0,4,Jorge Enrique Barrero Tovar,Día,0:43:00,0.02986111111111111
280,09:16:00,09:51:00,1.5,0.0,0.5,0.0,0.0,0.0,0,0.0,0.5,0.0,0.5,33,Jorge Enrique Barrero Tovar,Día,0:35:00,0.02430555555555556
204,09:20:00,10:30:00,2.0,0.5,0.0,0.0,0.5,0.0,0,0.0,0.0,0.5,0.5,4,Jorge Enrique Barrero Tovar,Día,1:10:00,0.04861111111111111
18,09:20:00,10:33:00,1.0,0.5,0.0,0.0,0.5,0.0,0,0.0,0.0,0.0,0.0,33,Jorge Enrique Barrero Tovar,Día,1:13:00,0.05069444444444444
370,09:08:00,09:55:00,1.0,0.0,0.0,0.0,0.5,0.0,0,0.0,0.0,0.0,0.5,4,Jorge Enrique Barrero Tovar,Día,0:47:00,0.03263888888888889
495,09:10:00,09:50:00,2.0,0.5,0.0,0.0,0.5,0.0,0,0.5,0.0,0.5,0.0,4,Jorge Enrique Barrero Tovar,Día,0:40:00,0.02777777777777778
180,09:13:00,10:13:00,2.0,0.0,0.0,0.0,0.0,0.0,0.5,0.5,0.5,0.5,0.0,4,Jorge Enrique Barrero Tovar,Día,1:00:00,0.04166666666666666
25,09:14:00,09:53:00,2.0,0.0,0.5,0.5,0.0,0.5,0,0.0,0.5,0.0,0.0,33,Jorge Enrique Barrero Tovar,Día,0:39:00,0.02708333333333333
399,09:11:00,09:50:00,1.0,0.0,0.0,0.0,0.0,0.0,0,0.5,0.0,0.5,0.0,33,Jorge Enrique Barrero Tovar,Día,0:39:00,0.02708333333333333
488,09:11:00,09:52:00,0.5,0.0,0.0,0.0,0.0,0.0,0.5,0.0,0.0,0.0,0.0,4,Jorge Enrique Barrero Tovar,Día,0:41:00,0.02847222222222222
485,09:06:00,10:04:00,1.0,0.0,0.0,0.5,0.5,0.0,0,0.0,0.0,0.0,0.0,4,Jorge Enrique Barrero Tovar,Día,0:58:00,0.04027777777777778
160,09:23:00,10:24:00,1.5,0.0,0.0,0.5,0.0,0.0,0,0.0,0.5,0.5,0.0,33,Jorge Enrique Barrero Tovar,Día,1:01:00,0.04236111111111111
159,09:07:00,10:02:00,1.0,0.0,0.0,0.5,0.0,0.0,0,0.0,0.0,0.0,0.5,4,Jorge Enrique Barrero Tovar,Día,0:55:00,0.03819444444444445
49,09:07:00,10:00:00,2.0,0.0,0.5,0.0,0.5,0.5,0,0.0,0.0,0.5,0.0,4,Jorge Enrique Barrero Tovar,Día,0:53:00,0.03680555555555556
94,09:05:00,09:44:00,1.0,0.0,0.0,0.0,0.0,0.0,0,0.0,0.5,0.0,0.5,4,Jorge Enrique Barrero Tovar,Día,0:39:00,0.02708333333333333
263,09:17:00,10:19:00,2.5,0.0,0.5,0.5,0.5,0.0,0,0.0,0.0,0.5,0.5,13,Jose Leonardo Arturo Cortes Buitrago,Día,1:02:00,0.04305555555555556
80,09:12:00,10:27:00,2.0,0.0,0.0,0.0,0.0,0.5,0,0.5,0.5,0.0,0.5,13,Jose Leonardo Arturo Cortes Buitrago,Día,1:15:00,0.05208333333333334
41,09:14:00,10:01:00,2.0,0.0,0.5,0.0,0.0,0.5,0,0.5,0.0,0.5,0.0,13,Jose Leonardo Arturo Cortes Buitrago,Día,0:47:00,0.03263888888888889
305,09:30:00,10:28:00,0.5,0.0,0.0,0.0,0.0,0.0,0,0.0,0.5,0.0,0.0,13,Jose Leonardo Arturo Cortes Buitrago,Día,0:58:00,0.04027777777777778
205,09:11:00,09:58:00,0.5,0.0,0.0,0.0,0.0,0.0,0.5,0.0,0.0,0.0,0.0,13,Jose Leonardo Arturo Cortes Buitrago,Día,0:47:00,0.03263888888888889
158,09:11:00,09:50:00,2.0,0.0,0.5,0.5,0.0,0.0,0,0.0,0.5,0.5,0.0,13,Jose Leonardo Arturo Cortes Buitrago,Día,0:39:00,0.02708333333333333
207,09:14:00,09:53:00,0.5,0.0,0.0,0.0,0.0,0.0,0,0.0,0.5,0.0,0.0,13,Jose Leonardo Arturo Cortes Buitrago,Día,0:39:00,0.02708333333333333
322,09:14:00,10:24:00,1.0,0.0,0.5,0.0,0.5,0.0,0,0.0,0.0,0.0,0.0,13,Jose Leonardo Arturo Cortes Buitrago,Día,1:10:00,0.04861111111111111
123,09:20:00,10:01:00,0.5,0.0,0.0,0.0,0.0,0.0,0,0.0,0.0,0.5,0.0,13,Jose Leonardo Arturo Cortes Buitrago,Día,0:41:00,0.02847222222222222
424,09:10:00,10:13:00,2.0,0.5,0.0,0.0,0.0,0.0,0,0.0,0.5,0.5,0.5,13,Jose Leonardo Arturo Cortes Buitrago,Día,1:03:00,0.04375
126,09:12:00,09:57:00,1.0,0.0,0.0,0.0,0.0,0.0,0.5,0.0,0.0,0.0,0.5,13,Jose Leonardo Arturo Cortes Buitrago,Día,0:45:00,0.03125
343,09:29:00,10:27:00,1.0,0.5,0.0,0.0,0.0,0.0,0,0.0,0.0,0.0,0.5,13,Jose Leonardo Arturo Cortes Buitrago,Día,0:58:00,0.04027777777777778
96,09:10:00,10:14:00,4.5,0.5,0.5,0.5,0.0,0.5,0.5,0.5,0.5,0.5,0.5,13,Jose Leonardo Arturo Cortes Buitrago,Día,1:04:00,0.04444444444444445
161,09:18:00,10:31:00,1.5,0.5,0.0,0.0,0.0,0.0,0.5,0.0,0.5,0.0,0.0,13,Jose Leonardo Arturo Cortes Buitrago,Día,1:13:00,0.05069444444444444
340,09:12:00,09:59:00,2.5,0.0,0.5,0.0,0.0,0.0,0.5,0.0,0.5,0.5,0.5,13,Jose Leonardo Arturo Cortes Buitrago,Día,0:47:00,0.03263888888888889
384,09:09:00,10:18:00,3.0,0.5,0.5,0.0,0.0,0.5,0,0.0,0.5,0.5,0.5,13,Jose Leonardo Arturo Cortes Buitrago,Día,1:09:00,0.04791666666666667
511,09:04:00,09:47:00,3.5,0.0,0.5,0.0,0.5,0.5,0.5,0.0,0.5,0.5,0.5,1,Juan Carlos Franco Rodriguez,Día,0:43:00,0.02986111111111111
496,09:03:00,09:43:00,2.0,0.0,0.0,0.5,0.0,0.0,0,0.0,0.5,0.5,0.5,1,Juan Carlos Franco Rodriguez,Día,0:40:00,0.02777777777777778
459,09:12:00,10:02:00,4.5,0.5,0.5,0.0,0.5,0.5,0.5,0.5,0.5,0.5,0.5,1,Juan Carlos Franco Rodriguez,Día,0:50:00,0.03472222222222222
390,09:10:00,10:07:00,4.0,0.5,0.5,0.5,0.5,0.5,0,0.0,0.5,0.5,0.5,1,Juan Carlos Franco Rodriguez,Día,0:57:00,0.03958333333333333
483,09:08:00,10:01:00,3.5,0.5,0.0,0.0,0.5,0.5,0.5,0.0,0.5,0.5,0.5,1,Juan Carlos Franco Rodriguez,Día,0:53:00,0.03680555555555556
395,09:20:00,10:36:00,2.0,0.0,0.0,0.0,0.0,0.0,0.5,0.5,0.0,0.5,0.5,1,Juan Carlos Franco Rodriguez,Día,1:16:00,0.05277777777777778
319,09:09:00,10:09:00,4.0,0.5,0.5,0.5,0.0,0.5,0.5,0.0,0.5,0.5,0.5,1,Juan Carlos Franco Rodriguez,Día,1:00:00,0.04166666666666666
492,09:09:00,10:14:00,1.5,0.0,0.0,0.0,0.0,0.0,0,0.0,0.5,0.5,0.5,1,Juan Carlos Franco Rodriguez,Día,1:05:00,0.04513888888888889
429,09:24:00,09:58:00,4.5,0.5,0.5,0.5,0.5,0.0,0.5,0.5,0.5,0.5,0.5,1,Juan Carlos Franco Rodriguez,Día,0:34:00,0.02361111111111111
516,09:04:00,10:21:00,4.5,0.5,0.5,0.5,0.5,0.5,0.5,0.5,0.5,0.0,0.5,1,Juan Carlos Franco Rodriguez,Día,1:17:00,0.05347222222222222
178,09:13:00,10:05:00,2.0,0.0,0.5,0.0,0.5,0.5,0,0.0,0.5,0.0,0.0,1,Juan Carlos Franco Rodriguez,Día,0:52:00,0.03611111111111111
139,09:04:00,10:21:00,5.0,0.5,0.5,0.5,0.5,0.5,0.5,0.5,0.5,0.5,0.5,1,Juan Carlos Franco Rodriguez,Día,1:17:00,0.05347222222222222
167,09:44:00,10:14:00,1.5,0.5,0.0,0.0,0.0,0.0,0,0.0,0.5,0.0,0.5,1,Juan Carlos Franco Rodriguez,Día,0:30:00,0.02083333333333333
91,09:10:00,10:21:00,4.0,0.0,0.5,0.5,0.5,0.5,0,0.5,0.5,0.5,0.5,1,Juan Carlos Franco Rodriguez,Día,1:11:00,0.04930555555555555
169,09:08:00,10:21:00,2.0,0.5,0.0,0.0,0.5,0.5,0,0.0,0.5,0.0,0.0,1,Juan Carlos Franco Rodriguez,Día,1:13:00,0.05069444444444444
120,09:04:00,09:59:00,4.0,0.0,0.5,0.0,0.5,0.5,0.5,0.5,0.5,0.5,0.5,1,Juan Carlos Franco Rodriguez,Día,0:55:00,0.03819444444444445
266,09:07:00,10:36:00,2.0,0.5,0.0,0.0,0.0,0.5,0,0.5,0.0,0.5,0.0,1,Juan Carlos Franco Rodriguez,Día,1:29:00,0.06180555555555556
198,09:07:00,09:49:00,4.0,0.5,0.5,0.0,0.0,0.5,0.5,0.5,0.5,0.5,0.5,1,Juan Carlos Franco Rodriguez,Día,0:42:00,0.02916666666666667
269,09:22:00,10:25:00,2.5,0.5,0.5,0.0,0.0,0.5,0.5,0.0,0.0,0.0,0.5,1,Juan Carlos Franco Rodriguez,Día,1:03:00,0.04375
38,09:13:00,10:03:00,1.5,0.5,0.0,0.0,0.0,0.0,0,0.5,0.0,0.0,0.5,1,Juan Carlos Franco Rodriguez,Día,0:50:00,0.03472222222222222
21,09:07:00,10:15:00,3.0,0.5,0.0,0.5,0.5,0.0,0,0.5,0.5,0.5,0.0,1,Juan Carlos Franco Rodriguez,Día,1:08:00,0.04722222222222222
186,09:03:00,10:35:00,3.0,0.5,0.0,0.0,0.0,0.5,0,0.5,0.5,0.5,0.5,1,Juan Carlos Franco Rodriguez,Día,1:32:00,0.06388888888888888
185,09:11:00,10:00:00,1.0,0.5,0.0,0.0,0.0,0.0,0,0.0,0.0,0.5,0.0,12,Julio Cesar Baracaldo,Día,0:49:00,0.03402777777777777
196,09:15:00,10:02:00,3.5,0.0,0.0,0.0,0.5,0.5,0.5,0.5,0.5,0.5,0.5,12,Julio Cesar Baracaldo,Día,0:47:00,0.03263888888888889
212,09:13:00,10:42:00,2.0,0.0,0.0,0.0,0.0,0.0,0,0.5,0.5,0.5,0.5,12,Julio Cesar Baracaldo,Día,1:29:00,0.06180555555555556
151,09:12:00,10:29:00,0.0,0.0,0.0,0.0,0.0,0.0,0,0.0,0.0,0.0,0.0,12,Julio Cesar Baracaldo,Día,1:17:00,0.05347222222222222
140,09:26:00,10:39:00,2.5,0.5,0.0,0.0,0.5,0.0,0.5,0.0,0.5,0.5,0.0,12,Julio Cesar Baracaldo,Día,1:13:00,0.05069444444444444
349,09:14:00,10:41:00,2.5,0.5,0.0,0.5,0.5,0.0,0.5,0.5,0.0,0.0,0.0,12,Julio Cesar Baracaldo,Día,1:27:00,0.06041666666666667
409,09:10:00,10:11:00,2.0,0.0,0.5,0.0,0.5,0.0,0.5,0.0,0.5,0.0,0.0,12,Julio Cesar Baracaldo,Día,1:01:00,0.04236111111111111
242,09:12:00,09:59:00,2.5,0.5,0.5,0.5,0.0,0.5,0,0.0,0.0,0.5,0.0,12,Julio Cesar Baracaldo,Día,0:47:00,0.03263888888888889
415,09:23:00,10:32:00,2.0,0.5,0.0,0.0,0.0,0.5,0,0.0,0.0,0.5,0.5,12,Julio Cesar Baracaldo,Día,1:09:00,0.04791666666666667
148,09:12:00,10:28:00,2.5,0.5,0.5,0.0,0.5,0.5,0.5,0.0,0.0,0.0,0.0,12,Julio Cesar Baracaldo,Día,1:16:00,0.05277777777777778
351,09:18:00,10:45:00,1.5,0.0,0.0,0.5,0.0,0.0,0,0.5,0.0,0.5,0.0,12,Julio Cesar Baracaldo,Día,1:27:00,0.06041666666666667
317,09:14:00,09:55:00,4.0,0.0,0.5,0.0,0.5,0.5,0.5,0.5,0.5,0.5,0.5,12,Julio Cesar Baracaldo,Día,0:41:00,0.02847222222222222
420,09:13:00,10:14:00,1.5,0.0,0.0,0.0,0.5,0.5,0.5,0.0,0.0,0.0,0.0,12,Julio Cesar Baracaldo,Día,1:01:00,0.04236111111111111
259,09:11:00,10:02:00,4.0,0.0,0.5,0.5,0.5,0.5,0.5,0.0,0.5,0.5,0.5,12,Julio Cesar Baracaldo,Día,0:51:00,0.03541666666666667
455,09:12:00,10:18:00,1.0,0.0,0.0,0.5,0.0,0.0,0,0.0,0.5,0.0,0.0,12,Julio Cesar Baracaldo,Día,1:06:00,0.04583333333333333
303,09:29:00,10:08:00,1.0,0.5,0.0,0.0,0.0,0.0,0.5,0.0,0.0,0.0,0.0,12,Julio Cesar Baracaldo,Día,0:39:00,0.02708333333333333
449,09:16:00,09:50:00,1.5,0.5,0.0,0.5,0.0,0.0,0,0.0,0.5,0.0,0.0,9,Julio Cesar Sierra Gonzalez,Día,0:34:00,0.02361111111111111
454,09:08:00,10:01:00,1.5,0.0,0.5,0.5,0.5,0.0,0,0.0,0.0,0.0,0.0,9,Julio Cesar Sierra Gonzalez,Día,0:53:00,0.03680555555555556
147,09:13:00,10:03:00,3.0,0.5,0.0,0.0,0.5,0.5,0,0.0,0.5,0.5,0.5,9,Julio Cesar Sierra Gonzalez,Día,0:50:00,0.03472222222222222
131,09:05:00,09:59:00,3.5,0.0,0.5,0.5,0.5,0.5,0.5,0.0,0.0,0.5,0.5,9,Julio Cesar Sierra Gonzalez,Día,0:54:00,0.0375
412,09:07:00,10:08:00,2.5,0.0,0.0,0.5,0.0,0.5,0.5,0.5,0.5,0.0,0.0,9,Julio Cesar Sierra Gonzalez,Día,1:01:00,0.04236111111111111
111,09:08:00,10:22:00,1.0,0.5,0.0,0.0,0.0,0.0,0,0.0,0.0,0.0,0.5,9,Julio Cesar Sierra Gonzalez,Día,1:14:00,0.05138888888888889
84,09:16:00,10:16:00,3.0,0.5,0.5,0.0,0.5,0.5,0.5,0.0,0.0,0.0,0.5,9,Julio Cesar Sierra Gonzalez,Día,1:00:00,0.04166666666666666
79,09:22:00,11:01:00,3.5,0.0,0.0,0.5,0.5,0.5,0,0.5,0.5,0.5,0.5,9,Julio Cesar Sierra Gonzalez,Día,1:39:00,0.06875
467,09:07:00,10:21:00,2.5,0.5,0.5,0.5,0.5,0.5,0,0.0,0.0,0.0,0.0,9,Julio Cesar Sierra Gonzalez,Día,1:14:00,0.05138888888888889
191,09:24:00,11:01:00,1.5,0.5,0.0,0.0,0.0,0.0,0,0.5,0.0,0.5,0.0,9,Julio Cesar Sierra Gonzalez,Día,1:37:00,0.06736111111111111
363,09:09:00,10:21:00,2.0,0.0,0.0,0.0,0.5,0.5,0.5,0.5,0.0,0.0,0.0,9,Julio Cesar Sierra Gonzalez,Día,1:12:00,0.05
478,09:11:00,10:07:00,1.5,0.5,0.0,0.0,0.0,0.5,0,0.5,0.0,0.0,0.0,9,Julio Cesar Sierra Gonzalez,Día,0:56:00,0.03888888888888889
32,09:24:00,10:11:00,3.5,0.5,0.0,0.0,0.5,0.5,0,0.5,0.5,0.5,0.5,9,Julio Cesar Sierra Gonzalez,Día,0:47:00,0.03263888888888889
9,09:27:00,10:28:00,1.0,0.0,0.0,0.0,0.0,0.0,0.5,0.0,0.5,0.0,0.0,9,Julio Cesar Sierra Gonzalez,Día,1:01:00,0.04236111111111111
436,09:04:00,10:24:00,1.5,0.0,0.0,0.5,0.0,0.0,0,0.0,0.5,0.0,0.5,9,Julio Cesar Sierra Gonzalez,Día,1:20:00,0.05555555555555555
124,09:29:00,10:10:00,3.5,0.0,0.0,0.0,0.5,0.5,0.5,0.5,0.5,0.5,0.5,9,Julio Cesar Sierra Gonzalez,Día,0:41:00,0.02847222222222222
258,09:29:00,10:28:00,2.5,0.5,0.5,0.5,0.0,0.0,0,0.0,0.0,0.5,0.5,9,Julio Cesar Sierra Gonzalez,Día,0:59:00,0.04097222222222222
245,09:11:00,10:30:00,0.5,0.5,0.0,0.0,0.0,0.0,0,0.0,0.0,0.0,0.0,9,Julio Cesar Sierra Gonzalez,Día,1:19:00,0.05486111111111111
230,09:05:00,09:41:00,2.0,0.0,0.0,0.5,0.0,0.5,0,0.0,0.5,0.0,0.5,9,Julio Cesar Sierra Gonzalez,Día,0:36:00,0.025
241,09:14:00,10:25:00,2.0,0.5,0.0,0.5,0.0,0.0,0,0.0,0.5,0.0,0.5,9,Julio Cesar Sierra Gonzalez,Día,1:11:00,0.04930555555555555
287,09:03:00,10:10:00,0.5,0.0,0.0,0.0,0.0,0.0,0,0.0,0.5,0.0,0.0,9,Julio Cesar Sierra Gonzalez,Día,1:07:00,0.04652777777777778
217,09:07:00,09:56:00,0.5,0.0,0.0,0.0,0.0,0.0,0,0.0,0.0,0.0,0.5,9,Julio Cesar Sierra Gonzalez,Día,0:49:00,0.03402777777777777
60,09:09:00,10:33:00,2.5,0.5,0.0,0.5,0.5,0.0,0.5,0.0,0.0,0.0,0.5,8,Luis Eduardo Palacios Santamaria,Día,1:24:00,0.05833333333333333
176,09:18:00,10:09:00,0.0,0.0,0.0,0.0,0.0,0.0,0,0.0,0.0,0.0,0.0,8,Luis Eduardo Palacios Santamaria,Día,0:51:00,0.03541666666666667
174,09:12:00,10:02:00,0.5,0.0,0.5,0.0,0.0,0.0,0,0.0,0.0,0.0,0.0,8,Luis Eduardo Palacios Santamaria,Día,0:50:00,0.03472222222222222
411,09:23:00,10:17:00,2.0,0.5,0.0,0.5,0.0,0.0,0,0.0,0.5,0.0,0.5,8,Luis Eduardo Palacios Santamaria,Día,0:54:00,0.0375
292,09:37:00,10:27:00,2.0,0.5,0.5,0.5,0.0,0.5,0,0.0,0.0,0.0,0.0,8,Luis Eduardo Palacios Santamaria,Día,0:50:00,0.03472222222222222
391,09:07:00,09:59:00,0.5,0.0,0.0,0.0,0.5,0.0,0,0.0,0.0,0.0,0.0,8,Luis Eduardo Palacios Santamaria,Día,0:52:00,0.03611111111111111
482,09:24:00,10:04:00,1.5,0.5,0.5,0.0,0.0,0.0,0,0.0,0.0,0.0,0.5,8,Luis Eduardo Palacios Santamaria,Día,0:40:00,0.02777777777777778
238,09:16:00,10:25:00,1.0,0.5,0.5,0.0,0.0,0.0,0,0.0,0.0,0.0,0.0,8,Luis Eduardo Palacios Santamaria,Día,1:09:00,0.04791666666666667
440,09:09:00,09:45:00,2.0,0.0,0.0,0.5,0.5,0.5,0,0.0,0.0,0.0,0.5,8,Luis Eduardo Palacios Santamaria,Día,0:36:00,0.025
282,09:05:00,09:46:00,1.5,0.5,0.5,0.0,0.0,0.0,0,0.0,0.0,0.5,0.0,8,Luis Eduardo Palacios Santamaria,Día,0:41:00,0.02847222222222222
464,09:06:00,10:30:00,1.5,0.5,0.0,0.0,0.5,0.0,0.5,0.0,0.0,0.0,0.0,8,Luis Eduardo Palacios Santamaria,Día,1:24:00,0.05833333333333333
40,09:07:00,09:55:00,1.5,0.0,0.0,0.0,0.0,0.5,0.5,0.0,0.5,0.0,0.0,8,Luis Eduardo Palacios Santamaria,Día,0:48:00,0.03333333333333333
64,09:06:00,10:03:00,4.5,0.5,0.5,0.5,0.5,0.5,0,0.5,0.5,0.5,0.5,8,Luis Eduardo Palacios Santamaria,Día,0:57:00,0.03958333333333333
214,09:13:00,09:56:00,2.0,0.5,0.5,0.0,0.5,0.0,0,0.0,0.0,0.5,0.0,8,Luis Eduardo Palacios Santamaria,Día,0:43:00,0.02986111111111111
426,09:19:00,10:04:00,1.0,0.0,0.0,0.5,0.0,0.0,0,0.0,0.0,0.0,0.5,8,Luis Eduardo Palacios Santamaria,Día,0:45:00,0.03125
255,09:08:00,09:50:00,1.0,0.0,0.0,0.0,0.5,0.0,0,0.0,0.0,0.5,0.0,8,Luis Eduardo Palacios Santamaria,Día,0:42:00,0.02916666666666667
20,09:22:00,10:22:00,1.0,0.5,0.0,0.0,0.0,0.0,0,0.0,0.0,0.0,0.5,8,Luis Eduardo Palacios Santamaria,Día,1:00:00,0.04166666666666666
285,09:04:00,09:43:00,0.5,0.0,0.0,0.0,0.0,0.0,0.5,0.0,0.0,0.0,0.0,8,Luis Eduardo Palacios Santamaria,Día,0:39:00,0.02708333333333333
14,09:05:00,09:53:00,2.0,0.0,0.5,0.0,0.5,0.5,0,0.0,0.0,0.0,0.5,8,Luis Eduardo Palacios Santamaria,Día,0:48:00,0.03333333333333333
200,09:20:00,10:28:00,1.5,0.5,0.5,0.0,0.0,0.0,0,0.0,0.5,0.0,0.0,8,Luis Eduardo Palacios Santamaria,Día,1:08:00,0.04722222222222222
65,09:14:00,10:21:00,2.0,0.0,0.5,0.0,0.0,0.5,0,0.5,0.0,0.5,0.0,31,Luis Humberto Abril Cardenas,Día,1:07:00,0.04652777777777778
115,09:12:00,10:14:00,3.5,0.5,0.5,0.5,0.0,0.5,0,0.5,0.5,0.5,0.0,31,Luis Humberto Abril Cardenas,Día,1:02:00,0.04305555555555556
260,09:26:00,10:02:00,3.0,0.5,0.0,0.5,0.5,0.0,0.5,0.5,0.5,0.0,0.0,31,Luis Humberto Abril Cardenas,Día,0:36:00,0.025
127,09:11:00,09:48:00,2.5,0.0,0.5,0.0,0.5,0.0,0.5,0.5,0.0,0.0,0.5,31,Luis Humberto Abril Cardenas,Día,0:37:00,0.02569444444444444
466,09:18:00,10:00:00,1.5,0.0,0.5,0.0,0.0,0.0,0,0.5,0.0,0.5,0.0,31,Luis Humberto Abril Cardenas,Día,0:42:00,0.02916666666666667
103,09:13:00,10:13:00,4.0,0.5,0.5,0.5,0.0,0.5,0.5,0.0,0.5,0.5,0.5,31,Luis Humberto Abril Cardenas,Día,1:00:00,0.04166666666666666
257,09:12:00,09:54:00,0.5,0.0,0.0,0.0,0.0,0.5,0,0.0,0.0,0.0,0.0,31,Luis Humberto Abril Cardenas,Día,0:42:00,0.02916666666666667
247,09:13:00,10:23:00,3.0,0.5,0.5,0.0,0.5,0.0,0.5,0.0,0.0,0.5,0.5,31,Luis Humberto Abril Cardenas,Día,1:10:00,0.04861111111111111
295,09:10:00,09:54:00,2.5,0.5,0.0,0.5,0.5,0.0,0.5,0.0,0.5,0.0,0.0,31,Luis Humberto Abril Cardenas,Día,0:44:00,0.03055555555555555
297,09:11:00,10:41:00,1.5,0.0,0.5,0.0,0.0,0.0,0,0.5,0.5,0.0,0.0,31,Luis Humberto Abril Cardenas,Día,1:30:00,0.0625
107,09:30:00,10:11:00,2.5,0.5,0.0,0.0,0.5,0.5,0,0.0,0.5,0.5,0.0,31,Luis Humberto Abril Cardenas,Día,0:41:00,0.02847222222222222
401,09:10:00,10:15:00,1.5,0.0,0.0,0.0,0.5,0.0,0,0.0,0.0,0.5,0.5,31,Luis Humberto Abril Cardenas,Día,1:05:00,0.04513888888888889
154,09:26:00,10:01:00,3.0,0.0,0.0,0.0,0.5,0.5,0,0.5,0.5,0.5,0.5,31,Luis Humberto Abril Cardenas,Día,0:35:00,0.02430555555555556
209,09:27:00,09:56:00,3.0,0.0,0.5,0.0,0.5,0.0,0,0.5,0.5,0.5,0.5,31,Luis Humberto Abril Cardenas,Día,0:29:00,0.02013888888888889
166,09:14:00,10:12:00,1.5,0.5,0.0,0.0,0.5,0.5,0,0.0,0.0,0.0,0.0,31,Luis Humberto Abril Cardenas,Día,0:58:00,0.04027777777777778
225,09:14:00,10:15:00,1.0,0.0,0.5,0.0,0.0,0.5,0,0.0,0.0,0.0,0.0,31,Luis Humberto Abril Cardenas,Día,1:01:00,0.04236111111111111
24,09:08:00,10:08:00,1.5,0.5,0.0,0.5,0.0,0.0,0,0.5,0.0,0.0,0.0,31,Luis Humberto Abril Cardenas,Día,1:00:00,0.04166666666666666
183,09:14:00,10:22:00,3.5,0.0,0.5,0.5,0.5,0.5,0.5,0.0,0.5,0.0,0.5,31,Luis Humberto Abril Cardenas,Día,1:08:00,0.04722222222222222
371,09:19:00,10:10:00,2.5,0.5,0.0,0.5,0.0,0.5,0,0.5,0.0,0.5,0.0,31,Luis Humberto Abril Cardenas,Día,0:51:00,0.03541666666666667
28,09:14:00,09:53:00,4.5,0.5,0.0,0.5,0.5,0.5,0.5,0.5,0.5,0.5,0.5,31,Luis Humberto Abril Cardenas,Día,0:39:00,0.02708333333333333
403,09:12:00,09:47:00,2.0,0.5,0.0,0.0,0.0,0.0,0,0.0,0.5,0.5,0.5,31,Luis Humberto Abril Cardenas,Día,0:35:00,0.02430555555555556
2,09:24:00,10:04:00,1.0,0.0,0.5,0.0,0.5,0.0,0,0.0,0.0,0.0,0.0,6,Nelly Alexandra Cabas Peña,Día,0:40:00,0.02777777777777778
501,09:13:00,10:18:00,3.5,0.0,0.5,0.5,0.5,0.5,0.5,0.0,0.0,0.5,0.5,2,Nelly Alexandra Cabas Peña,Día,1:05:00,0.04513888888888889
494,09:11:00,09:43:00,4.5,0.0,0.5,0.5,0.5,0.5,0.5,0.5,0.5,0.5,0.5,2,Nelly Alexandra Cabas Peña,Día,0:32:00,0.02222222222222222
26,09:28:00,10:19:00,2.5,0.5,0.5,0.0,0.0,0.5,0,0.5,0.0,0.5,0.0,6,Nelly Alexandra Cabas Peña,Día,0:51:00,0.03541666666666667
299,09:19:00,10:52:00,5.0,0.5,0.5,0.5,0.5,0.5,0.5,0.5,0.5,0.5,0.5,6,Nelly Alexandra Cabas Peña,Día,1:33:00,0.06458333333333334
89,09:13:00,09:54:00,2.0,0.5,0.0,0.0,0.0,0.5,0,0.5,0.0,0.0,0.5,6,Nelly Alexandra Cabas Peña,Día,0:41:00,0.02847222222222222
275,09:09:00,10:04:00,0.0,0.0,0.0,0.0,0.0,0.0,0,0.0,0.0,0.0,0.0,2,Nelly Alexandra Cabas Peña,Día,0:55:00,0.03819444444444445
78,09:04:00,10:13:00,1.5,0.0,0.0,0.0,0.5,0.0,0,0.0,0.0,0.5,0.5,2,Nelly Alexandra Cabas Peña,Día,1:09:00,0.04791666666666667
272,09:15:00,10:08:00,3.0,0.5,0.5,0.0,0.0,0.0,0.5,0.0,0.5,0.5,0.5,2,Nelly Alexandra Cabas Peña,Día,0:53:00,0.03680555555555556
43,09:03:00,10:01:00,2.5,0.5,0.0,0.5,0.0,0.0,0,0.5,0.5,0.0,0.5,2,Nelly Alexandra Cabas Peña,Día,0:58:00,0.04027777777777778
481,09:23:00,10:13:00,1.5,0.0,0.0,0.5,0.0,0.0,0,0.5,0.5,0.0,0.0,2,Nelly Alexandra Cabas Peña,Día,0:50:00,0.03472222222222222
458,09:23:00,10:44:00,1.5,0.0,0.0,0.0,0.0,0.5,0.5,0.0,0.0,0.0,0.5,2,Nelly Alexandra Cabas Peña,Día,1:21:00,0.05625
353,09:25:00,10:19:00,2.0,0.5,0.0,0.0,0.5,0.0,0.5,0.0,0.0,0.0,0.5,6,Nelly Alexandra Cabas Peña,Día,0:54:00,0.0375
251,09:24:00,10:16:00,2.0,0.5,0.0,0.5,0.0,0.5,0,0.0,0.0,0.0,0.5,6,Nelly Alexandra Cabas Peña,Día,0:52:00,0.03611111111111111
315,09:20:00,10:39:00,2.5,0.5,0.0,0.0,0.5,0.5,0,0.5,0.5,0.0,0.0,2,Nelly Alexandra Cabas Peña,Día,1:19:00,0.05486111111111111
437,09:09:00,09:58:00,2.0,0.0,0.0,0.0,0.5,0.0,0.5,0.0,0.0,0.5,0.5,6,Nelly Alexandra Cabas Peña,Día,0:49:00,0.03402777777777777
329,09:05:00,10:02:00,0.5,0.0,0.5,0.0,0.0,0.0,0,0.0,0.0,0.0,0.0,6,Nelly Alexandra Cabas Peña,Día,0:57:00,0.03958333333333333
153,09:05:00,10:07:00,2.5,0.0,0.0,0.0,0.5,0.0,0.5,0.5,0.5,0.5,0.0,2,Nelly Alexandra Cabas Peña,Día,1:02:00,0.04305555555555556
393,09:07:00,10:04:00,4.0,0.5,0.5,0.5,0.5,0.0,0.5,0.0,0.5,0.5,0.5,2,Nelly Alexandra Cabas Peña,Día,0:57:00,0.03958333333333333
162,09:11:00,10:35:00,2.5,0.5,0.5,0.0,0.0,0.5,0,0.0,0.0,0.5,0.5,6,Nelly Alexandra Cabas Peña,Día,1:24:00,0.05833333333333333
229,09:14:00,10:00:00,1.5,0.0,0.0,0.0,0.5,0.0,0,0.5,0.0,0.5,0.0,6,Nelly Alexandra Cabas Peña,Día,0:46:00,0.03194444444444444
405,09:05:00,10:30:00,2.0,0.0,0.5,0.0,0.5,0.0,0,0.0,0.5,0.5,0.0,2,Nelly Alexandra Cabas Peña,Día,1:25:00,0.05902777777777778
221,09:11:00,09:54:00,3.0,0.0,0.5,0.5,0.5,0.5,0,0.0,0.0,0.5,0.5,6,Nelly Alexandra Cabas Peña,Día,0:43:00,0.02986111111111111
187,09:07:00,09:56:00,3.5,0.5,0.5,0.5,0.5,0.0,0,0.5,0.0,0.5,0.5,2,Nelly Alexandra Cabas Peña,Día,0:49:00,0.03402777777777777
189,09:08:00,10:30:00,1.5,0.0,0.5,0.5,0.0,0.0,0,0.0,0.0,0.5,0.0,6,Nelly Alexandra Cabas Peña,Día,1:22:00,0.05694444444444444
190,09:13:00,09:38:00,3.0,0.0,0.5,0.0,0.5,0.0,0.5,0.0,0.5,0.5,0.5,6,Nelly Alexandra Cabas Peña,Día,0:25:00,0.01736111111111111
194,09:13:00,10:03:00,2.5,0.0,0.5,0.5,0.0,0.5,0.5,0.5,0.0,0.0,0.0,2,Nelly Alexandra Cabas Peña,Día,0:50:00,0.03472222222222222
366,09:06:00,10:17:00,0.5,0.0,0.0,0.0,0.0,0.0,0,0.0,0.0,0.5,0.0,6,Nelly Alexandra Cabas Peña,Día,1:11:00,0.04930555555555555
203,09:06:00,09:45:00,2.0,0.0,0.5,0.0,0.0,0.0,0,0.5,0.5,0.0,0.5,6,Nelly Alexandra Cabas Peña,Día,0:39:00,0.02708333333333333
219,09:18:00,10:22:00,3.5,0.0,0.0,0.5,0.5,0.5,0.5,0.5,0.5,0.0,0.5,6,Nelly Alexandra Cabas Peña,Día,1:04:00,0.04444444444444445
135,09:10:00,10:00:00,2.0,0.5,0.0,0.5,0.5,0.5,0,0.0,0.0,0.0,0.0,6,Nelly Alexandra Cabas Peña,Día,0:50:00,0.03472222222222222
276,09:07:00,09:54:00,0.5,0.0,0.0,0.0,0.0,0.5,0,0.0,0.0,0.0,0.0,2,Nelly Alexandra Cabas Peña,Día,0:47:00,0.03263888888888889
352,09:07:00,10:29:00,2.5,0.0,0.5,0.5,0.5,0.0,0,0.5,0.0,0.5,0.0,6,Nelly Alexandra Cabas Peña,Día,1:22:00,0.05694444444444444
239,09:17:00,10:15:00,2.5,0.5,0.0,0.5,0.0,0.0,0,0.0,0.5,0.5,0.5,2,Nelly Alexandra Cabas Peña,Día,0:58:00,0.04027777777777778
435,09:04:00,09:56:00,1.0,0.0,0.5,0.0,0.0,0.0,0,0.0,0.0,0.5,0.0,6,Nelly Alexandra Cabas Peña,Día,0:52:00,0.03611111111111111
130,09:22:00,10:40:00,1.5,0.5,0.0,0.0,0.0,0.5,0,0.0,0.0,0.0,0.5,2,Nelly Alexandra Cabas Peña,Día,1:18:00,0.05416666666666667
414,09:06:00,10:04:00,2.5,0.0,0.0,0.0,0.5,0.0,0.5,0.5,0.5,0.0,0.5,2,Nelly Alexandra Cabas Peña,Día,0:58:00,0.04027777777777778
125,09:43:00,10:29:00,1.0,0.5,0.0,0.0,0.0,0.0,0,0.0,0.5,0.0,0.0,2,Nelly Alexandra Cabas Peña,Día,0:46:00,0.03194444444444444
119,09:15:00,10:05:00,3.0,0.0,0.5,0.5,0.5,0.5,0,0.5,0.0,0.0,0.5,2,Nelly Alexandra Cabas Peña,Día,0:50:00,0.03472222222222222
102,09:11:00,10:10:00,1.0,0.0,0.0,0.5,0.0,0.0,0,0.0,0.0,0.5,0.0,32,Oscar David Murcia Portilla,Día,0:59:00,0.04097222222222222
314,09:27:00,10:43:00,2.5,0.5,0.0,0.5,0.5,0.0,0,0.0,0.5,0.5,0.0,32,Oscar David Murcia Portilla,Día,1:16:00,0.05277777777777778
341,09:35:00,10:16:00,2.5,0.5,0.5,0.0,0.5,0.5,0,0.0,0.5,0.0,0.0,32,Oscar David Murcia Portilla,Día,0:41:00,0.02847222222222222
324,09:10:00,09:49:00,1.5,0.0,0.0,0.0,0.0,0.0,0,0.5,0.0,0.5,0.5,32,Oscar David Murcia Portilla,Día,0:39:00,0.02708333333333333
489,09:10:00,10:13:00,2.0,0.0,0.5,0.0,0.0,0.5,0.5,0.0,0.0,0.5,0.0,32,Oscar David Murcia Portilla,Día,1:03:00,0.04375
216,09:20:00,09:53:00,1.0,0.0,0.0,0.0,0.0,0.0,0,0.0,0.5,0.0,0.5,32,Oscar David Murcia Portilla,Día,0:33:00,0.02291666666666667
10,09:21:00,10:16:00,1.5,0.5,0.0,0.0,0.0,0.0,0.5,0.5,0.0,0.0,0.0,32,Oscar David Murcia Portilla,Día,0:55:00,0.03819444444444445
356,09:15:00,09:56:00,1.5,0.0,0.0,0.0,0.5,0.0,0.5,0.0,0.0,0.0,0.5,32,Oscar David Murcia Portilla,Día,0:41:00,0.02847222222222222
105,09:11:00,09:59:00,4.0,0.5,0.0,0.5,0.5,0.0,0.5,0.5,0.5,0.5,0.5,32,Oscar David Murcia Portilla,Día,0:48:00,0.03333333333333333
364,09:10:00,10:25:00,3.5,0.0,0.5,0.5,0.5,0.5,0.5,0.0,0.5,0.0,0.5,32,Oscar David Murcia Portilla,Día,1:15:00,0.05208333333333334
100,09:11:00,10:09:00,2.5,0.0,0.0,0.5,0.0,0.5,0,0.5,0.5,0.5,0.0,32,Oscar David Murcia Portilla,Día,0:58:00,0.04027777777777778
422,09:11:00,10:01:00,0.5,0.0,0.0,0.0,0.0,0.0,0,0.0,0.5,0.0,0.0,32,Oscar David Murcia Portilla,Día,0:50:00,0.03472222222222222
421,09:14:00,10:31:00,1.0,0.0,0.0,0.0,0.5,0.0,0,0.0,0.0,0.5,0.0,32,Oscar David Murcia Portilla,Día,1:17:00,0.05347222222222222
320,09:17:00,09:55:00,0.5,0.0,0.0,0.0,0.0,0.0,0,0.0,0.0,0.0,0.5,32,Oscar David Murcia Portilla,Día,0:38:00,0.02638888888888889
157,09:14:00,10:26:00,1.0,0.5,0.0,0.0,0.5,0.0,0,0.0,0.0,0.0,0.0,32,Oscar David Murcia Portilla,Día,1:12:00,0.05
480,09:11:00,10:27:00,1.0,0.0,0.5,0.0,0.0,0.0,0,0.0,0.0,0.5,0.0,32,Oscar David Murcia Portilla,Día,1:16:00,0.05277777777777778
86,09:14:00,10:14:00,0.5,0.0,0.0,0.0,0.0,0.0,0,0.0,0.5,0.0,0.0,32,Oscar David Murcia Portilla,Día,1:00:00,0.04166666666666666
45,09:16:00,09:58:00,0.5,0.0,0.0,0.0,0.0,0.0,0,0.0,0.0,0.5,0.0,32,Oscar David Murcia Portilla,Día,0:42:00,0.02916666666666667
328,09:12:00,10:30:00,3.0,0.5,0.0,0.5,0.5,0.0,0.5,0.0,0.0,0.5,0.5,32,Oscar David Murcia Portilla,Día,1:18:00,0.05416666666666667
471,09:27:00,10:34:00,1.0,0.5,0.0,0.0,0.5,0.0,0,0.0,0.0,0.0,0.0,32,Oscar David Murcia Portilla,Día,1:07:00,0.04652777777777778
468,09:11:00,10:05:00,1.5,0.0,0.0,0.5,0.0,0.0,0,0.5,0.0,0.0,0.5,32,Oscar David Murcia Portilla,Día,0:54:00,0.0375
310,09:11:00,10:05:00,1.0,0.0,0.0,0.0,0.0,0.0,0,0.0,0.5,0.0,0.5,32,Oscar David Murcia Portilla,Día,0:54:00,0.0375
474,09:11:00,10:16:00,1.5,0.0,0.0,0.0,0.0,0.5,0,0.0,0.5,0.0,0.5,32,Oscar David Murcia Portilla,Día,1:05:00,0.04513888888888889
